,0,1
0,alice,399
1,’,706
2,s,202
3,adventures,6
4,in,367
5,wonderland,3
6,by,57
7,lewis,1
8,carroll,1
9,the,1638
10,millennium,1
11,fulcrum,1
12,edition,1
13,3.0,1
14,contents,1
15,chapter,24
16,i,534
17,down,102
18,rabbit-hole,4
19,ii,2
20,pool,11
21,of,509
22,tears,12
23,iii,2
24,a,631
25,caucus-race,4
26,and,845
27,long,33
28,tale,5
29,iv,2
30,rabbit,48
31,sends,2
32,little,128
33,bill,16
34,v,2
35,advice,3
36,from,37
37,caterpillar,29
38,vi,2
39,pig,9
40,pepper,8
41,vii,2
42,mad,15
43,tea-party,3
44,viii,2
45,queen,76
46,croquet-ground,4
47,ix,2
48,mock,57
49,turtle,59
50,story,9
51,x,2
52,lobster,7
53,quadrille,5
54,xi,2
55,who,63
56,stole,3
57,tarts,8
58,xii,2
59,evidence,8
60,was,357
61,beginning,13
62,to,720
63,get,46
64,very,144
65,tired,7
66,sitting,10
67,her,248
68,sister,9
69,on,193
70,bank,2
71,having,10
72,nothing,34
73,do,80
74,once,32
75,or,75
76,twice,4
77,she,550
78,had,178
79,peeped,3
80,into,67
81,book,7
82,reading,3
83,but,163
84,it,588
85,no,87
86,pictures,4
87,conversations,2
88,“,1118
89,what,141
90,is,101
91,use,18
92,”,1114
93,thought,74
94,without,25
95,so,149
96,considering,3
97,own,10
98,mind,10
99,as,261
100,well,58
101,could,77
102,for,152
103,hot,5
104,day,24
105,made,30
106,feel,8
107,sleepy,5
108,stupid,6
109,whether,11
110,pleasure,2
111,making,8
112,daisy-chain,1
113,would,83
114,be,148
115,worth,4
116,trouble,6
117,getting,22
118,up,98
119,picking,2
120,daisies,1
121,when,79
122,suddenly,13
123,white,30
124,with,181
125,pink,1
126,eyes,27
127,ran,16
128,close,13
129,there,99
130,remarkable,2
131,that,310
132,nor,3
133,did,62
134,think,50
135,much,51
136,out,113
137,way,51
138,hear,14
139,say,50
140,itself,14
141,oh,39
142,dear,29
143,shall,25
144,late,6
145,over,40
146,afterwards,2
147,occurred,2
148,ought,14
149,have,80
150,wondered,1
151,at,209
152,this,134
153,time,68
154,all,179
155,seemed,27
156,quite,55
157,natural,4
158,actually,1
159,took,24
160,watch,8
161,its,57
162,waistcoat-pocket,2
163,looked,45
164,then,91
165,hurried,11
166,started,2
167,feet,19
168,flashed,1
169,across,5
170,never,46
171,before,38
172,seen,14
173,either,10
174,take,22
175,burning,1
176,curiosity,5
177,field,1
178,after,42
179,fortunately,1
180,just,51
181,see,66
182,pop,1
183,large,33
184,under,16
185,hedge,2
186,another,22
187,moment,31
188,went,83
189,how,64
190,world,7
191,again,82
192,straight,2
193,like,85
194,tunnel,1
195,some,51
196,dipped,2
197,not,145
198,about,94
199,stopping,1
200,herself,83
201,found,31
202,falling,2
203,deep,7
204,fell,6
205,slowly,8
206,plenty,2
207,look,28
208,wonder,18
209,going,27
210,happen,8
211,next,30
212,first,49
213,tried,19
214,make,26
215,coming,9
216,too,26
217,dark,3
218,anything,19
219,sides,4
220,noticed,8
221,they,149
222,were,85
223,filled,3
224,cupboards,2
225,book-shelves,1
226,here,48
227,saw,14
228,maps,1
229,hung,1
230,upon,26
231,pegs,1
232,jar,2
233,one,102
234,shelves,1
235,passed,5
236,labelled,1
237,orange,1
238,marmalade,1
239,great,39
240,disappointment,1
241,empty,1
242,drop,1
243,fear,4
244,killing,1
245,somebody,7
246,underneath,2
247,managed,4
248,put,31
249,past,1
250,such,41
251,fall,7
252,tumbling,2
253,stairs,3
254,brave,1
255,ll,57
256,me,68
257,home,5
258,why,39
259,wouldn,13
260,t,218
261,even,18
262,if,94
263,off,72
264,top,8
265,house,18
266,which,49
267,likely,4
268,true,3
269,come,45
270,an,57
271,end,18
272,many,12
273,miles,3
274,ve,44
275,fallen,4
276,said,458
277,aloud,5
278,must,44
279,somewhere,3
280,near,15
281,centre,1
282,earth,4
283,let,22
284,four,6
285,thousand,2
286,think—,3
287,you,404
288,learnt,2
289,several,4
290,things,27
291,sort,20
292,lessons,10
293,schoolroom,1
294,though,11
295,good,24
296,opportunity,8
297,showing,2
298,knowledge,3
299,listen,7
300,still,13
301,practice,1
302,—yes,1
303,right,31
304,distance—but,1
305,latitude,2
306,longitude,2
307,got,45
308,idea,15
309,nice,6
310,grand,3
311,words,21
312,presently,2
313,began,58
314,through,14
315,funny,3
316,seem,8
317,among,12
318,people,13
319,walk,5
320,their,52
321,heads,10
322,downward,1
323,antipathies,1
324,rather,25
325,glad,11
326,listening,3
327,didn,14
328,sound,4
329,word,10
330,—but,3
331,ask,11
332,them,83
333,name,10
334,country,1
335,know,81
336,please,19
337,ma,3
338,am,16
339,new,5
340,zealand,1
341,australia,1
342,curtsey,1
343,spoke—fancy,1
344,curtseying,1
345,re,38
346,air,14
347,manage,7
348,ignorant,1
349,girl,4
350,asking,5
351,perhaps,17
352,written,6
353,else,12
354,soon,25
355,talking,17
356,dinah,14
357,miss,4
358,to-night,1
359,should,27
360,cat,37
361,hope,3
362,remember,14
363,saucer,1
364,milk,1
365,tea-time,2
366,my,58
367,wish,21
368,are,53
369,mice,3
370,m,61
371,afraid,12
372,might,28
373,catch,4
374,bat,3
375,mouse,39
376,cats,13
377,eat,18
378,bats,4
379,saying,15
380,dreamy,1
381,sometimes,5
382,couldn,9
383,answer,9
384,question,17
385,matter,9
386,felt,23
387,dozing,1
388,begun,7
389,dream,7
390,walking,5
391,hand,20
392,earnestly,2
393,now,58
394,tell,32
395,truth,1
396,ever,22
397,thump,2
398,came,40
399,heap,1
400,sticks,1
401,dry,8
402,leaves,6
403,bit,16
404,hurt,3
405,jumped,6
406,overhead,1
407,passage,4
408,sight,10
409,hurrying,1
410,lost,3
411,away,25
412,wind,2
413,turned,16
414,corner,3
415,ears,4
416,whiskers,3
417,behind,13
418,longer,3
419,low,14
420,hall,9
421,lit,1
422,row,2
423,lamps,1
424,hanging,3
425,roof,6
426,doors,2
427,round,41
428,locked,1
429,been,38
430,side,17
431,other,39
432,trying,13
433,every,12
434,door,28
435,walked,10
436,sadly,5
437,middle,7
438,wondering,7
439,three-legged,2
440,table,18
441,solid,1
442,glass,9
443,except,4
444,tiny,4
445,golden,7
446,key,9
447,belong,1
448,alas,4
449,locks,2
450,small,10
451,any,39
452,rate,9
453,open,7
454,however,20
455,second,4
456,curtain,1
457,fifteen,1
458,inches,6
459,high,16
460,lock,1
461,delight,3
462,fitted,1
463,opened,10
464,led,4
465,larger,7
466,than,24
467,rat-hole,1
468,knelt,1
469,along,5
470,loveliest,1
471,garden,15
472,longed,2
473,wander,1
474,those,10
475,beds,1
476,bright,7
477,flowers,2
478,cool,2
479,fountains,2
480,head,48
481,doorway,1
482,go,50
483,poor,27
484,shoulders,4
485,shut,5
486,telescope,3
487,only,49
488,knew,15
489,begin,13
490,out-of-the-way,3
491,happened,7
492,lately,1
493,few,9
494,indeed,16
495,really,13
496,impossible,3
497,waiting,9
498,back,38
499,half,21
500,hoping,3
501,find,21
502,rules,3
503,shutting,2
504,telescopes,1
505,bottle,10
506,certainly,14
507,neck,7
508,paper,4
509,label,2
510,drink,7
511,beautifully,2
512,printed,1
513,letters,1
514,wise,2
515,hurry,11
516,marked,6
517,‘,46
518,poison,3
519,read,11
520,histories,1
521,children,10
522,burnt,1
523,eaten,1
524,wild,2
525,beasts,2
526,unpleasant,2
527,because,15
528,simple,5
529,friends,2
530,taught,4
531,red-hot,1
532,poker,1
533,will,31
534,burn,2
535,hold,10
536,cut,5
537,your,62
538,finger,5
539,deeply,4
540,knife,2
541,usually,2
542,bleeds,1
543,forgotten,6
544,almost,6
545,certain,3
546,disagree,1
547,sooner,2
548,later,3
549,ventured,4
550,taste,2
551,finding,3
552,fact,8
553,mixed,2
554,flavour,1
555,cherry-tart,1
556,custard,1
557,pine-apple,1
558,roast,1
559,turkey,1
560,toffee,1
561,buttered,1
562,toast,1
563,finished,12
564,curious,19
565,feeling,7
566,ten,6
567,face,14
568,brightened,2
569,size,13
570,lovely,2
571,waited,11
572,minutes,11
573,shrink,1
574,further,3
575,nervous,5
576,altogether,5
577,candle,3
578,fancy,5
579,flame,1
580,blown,1
581,thing,49
582,while,24
583,more,48
584,decided,3
585,possibly,3
586,reach,4
587,plainly,1
588,best,12
589,climb,1
590,legs,3
591,slippery,1
592,sat,17
593,cried,20
594,crying,2
595,sharply,4
596,advise,1
597,leave,9
598,minute,21
599,generally,7
600,gave,15
601,seldom,1
602,followed,8
603,scolded,1
604,severely,4
605,bring,3
606,remembered,5
607,box,3
608,cheated,1
609,game,13
610,croquet,6
611,playing,2
612,against,9
613,child,10
614,fond,3
615,pretending,1
616,two,38
617,pretend,1
618,hardly,12
619,enough,17
620,left,14
621,respectable,1
622,person,4
623,eye,7
624,lying,8
625,cake,3
626,currants,1
627,makes,11
628,grow,13
629,can,63
630,smaller,3
631,creep,1
632,don,60
633,care,4
634,happens,5
635,ate,1
636,anxiously,14
637,holding,3
638,growing,11
639,surprised,7
640,remained,3
641,same,24
642,sure,24
643,eats,1
644,expecting,3
645,dull,3
646,life,11
647,common,1
648,set,14
649,work,8
650,curiouser,2
651,forgot,2
652,speak,14
653,english,6
654,opening,3
655,largest,1
656,good-bye,1
657,far,13
658,shoes,7
659,stockings,1
660,dears,3
661,shan,6
662,able,1
663,deal,12
664,myself,7
665,kind,7
666,won,26
667,want,9
668,give,12
669,pair,5
670,boots,4
671,christmas,1
672,planning,1
673,carrier,1
674,sending,2
675,presents,2
676,odd,1
677,directions,3
678,foot,10
679,esq,1
680,hearthrug,1
681,fender,1
682,love,3
683,nonsense,7
684,struck,2
685,nine,5
686,hopeless,1
687,cry,3
688,ashamed,2
689,yourself,10
690,stop,6
691,shedding,1
692,gallons,1
693,until,5
694,reaching,1
695,heard,30
696,pattering,3
697,distance,7
698,hastily,16
699,dried,1
700,returning,1
701,splendidly,1
702,dressed,1
703,kid,5
704,gloves,10
705,fan,10
706,he,125
707,trotting,2
708,muttering,3
709,himself,6
710,duchess,42
711,savage,4
712,kept,13
713,desperate,1
714,ready,8
715,help,9
716,timid,3
717,voice,47
718,sir—,1
719,violently,4
720,dropped,5
721,skurried,1
722,darkness,1
723,hard,8
724,fanning,1
725,queer,10
726,everything,12
727,to-day,3
728,yesterday,3
729,usual,5
730,changed,8
731,night,3
732,morning,5
733,different,9
734,ah,5
735,puzzle,1
736,thinking,11
737,age,4
738,ada,1
739,hair,7
740,goes,7
741,ringlets,2
742,mine,8
743,doesn,16
744,mabel,4
745,sorts,3
746,knows,2
747,besides,4
748,and—oh,2
749,puzzling,4
750,try,12
751,used,12
752,times,6
753,five,8
754,twelve,4
755,six,2
756,thirteen,1
757,seven,6
758,is—oh,1
759,twenty,1
760,multiplication,1
761,signify,1
762,geography,1
763,london,1
764,capital,4
765,paris,2
766,rome,1
767,rome—no,1
768,wrong,5
769,doth,3
770,little_—,1
771,crossed,3
772,hands,12
773,lap,2
774,repeat,7
775,sounded,5
776,hoarse,3
777,strange,5
778,—,17
779,crocodile,1
780,improve,1
781,his,96
782,shining,1
783,tail,9
784,pour,1
785,waters,1
786,nile,1
787,scale,1
788,cheerfully,1
789,seems,5
790,grin,6
791,neatly,2
792,spread,3
793,claws,2
794,welcome,1
795,fishes,1
796,gently,3
797,smiling,2
798,jaws,2
799,live,8
800,poky,1
801,toys,1
802,play,8
803,learn,7
804,stay,5
805,putting,3
806,being,19
807,till,21
808,sudden,5
809,burst,1
810,alone,4
811,done,15
812,measure,1
813,nearly,11
814,guess,3
815,shrinking,4
816,rapidly,2
817,cause,3
818,avoid,1
819,narrow,2
820,escape,4
821,frightened,7
822,change,13
823,existence,1
824,speed,1
825,worse,3
826,declare,2
827,bad,2
828,these,14
829,slipped,3
830,splash,1
831,chin,7
832,salt,2
833,water,4
834,somehow,1
835,sea,12
836,case,5
837,railway,2
838,seaside,1
839,general,3
840,conclusion,2
841,wherever,2
842,coast,1
843,number,5
844,bathing,1
845,machines,1
846,digging,4
847,sand,1
848,wooden,1
849,spades,1
850,lodging,1
851,houses,1
852,station,1
853,wept,1
854,hadn,8
855,swam,5
856,punished,1
857,suppose,14
858,drowned,1
859,something,18
860,splashing,2
861,nearer,5
862,walrus,1
863,hippopotamus,1
864,talk,14
865,harm,1
866,o,5
867,swimming,2
868,speaking,5
869,brother,1
870,latin,1
871,grammar,1
872,mouse—of,1
873,mouse—to,1
874,mouse—a,1
875,mouse—o,1
876,inquisitively,1
877,wink,2
878,understand,6
879,daresay,1
880,french,4
881,william,8
882,conqueror,2
883,history,7
884,clear,2
885,notion,3
886,ago,2
887,où,1
888,est,1
889,chatte,1
890,sentence,6
891,lesson-book,1
892,leap,1
893,quiver,1
894,fright,2
895,beg,8
896,pardon,6
897,animal,2
898,feelings,2
899,shrill,5
900,passionate,1
901,soothing,1
902,tone,40
903,angry,5
904,yet,22
905,show,3
906,our,8
907,d,29
908,quiet,2
909,lazily,1
910,sits,1
911,purring,2
912,nicely,2
913,fire,3
914,licking,1
915,paws,4
916,washing,2
917,face—and,1
918,soft,1
919,nurse—and,1
920,catching,2
921,mice—oh,1
922,bristling,1
923,offended,10
924,we,33
925,trembling,6
926,subject,6
927,family,1
928,always,12
929,hated,1
930,nasty,1
931,vulgar,1
932,conversation,9
933,you—are,1
934,fond—of—of,1
935,dogs,3
936,eagerly,8
937,dog,3
938,bright-eyed,1
939,terrier,1
940,curly,1
941,brown,2
942,fetch,7
943,throw,3
944,sit,8
945,dinner,2
946,things—i,1
947,them—and,2
948,belongs,2
949,farmer,1
950,says,4
951,useful,2
952,hundred,1
953,pounds,1
954,kills,1
955,rats,1
956,sorrowful,2
957,commotion,1
958,called,15
959,softly,1
960,pale,4
961,passion,3
962,us,14
963,shore,3
964,hate,1
965,crowded,5
966,birds,10
967,animals,4
968,duck,4
969,dodo,13
970,lory,7
971,eaglet,3
972,creatures,10
973,whole,13
974,party,8
975,queer-looking,1
976,assembled,2
977,bank—the,1
978,draggled,1
979,feathers,1
980,fur,3
981,clinging,1
982,dripping,1
983,wet,2
984,cross,1
985,uncomfortable,4
986,course,24
987,consultation,1
988,familiarly,1
989,known,1
990,argument,4
991,last,33
992,sulky,3
993,older,2
994,better,14
995,allow,3
996,knowing,2
997,old,19
998,positively,1
999,refused,1
1000,authority,2
1001,ring,2
1002,fixed,1
1003,cold,1
1004,ahem,1
1005,important,5
1006,driest,1
1007,silence,14
1008,whose,2
1009,favoured,1
1010,pope,1
1011,submitted,1
1012,wanted,4
1013,leaders,1
1014,accustomed,1
1015,usurpation,1
1016,conquest,1
1017,edwin,2
1018,morcar,2
1019,earls,2
1020,mercia,2
1021,northumbria—,1
1022,ugh,2
1023,shiver,1
1024,frowning,4
1025,politely,6
1026,—i,1
1027,proceed,2
1028,northumbria,1
1029,declared,1
1030,him,41
1031,stigand,1
1032,patriotic,1
1033,archbishop,2
1034,canterbury,1
1035,advisable—,1
1036,replied,29
1037,crossly,1
1038,means,4
1039,frog,2
1040,worm,1
1041,notice,5
1042,hurriedly,2
1043,—found,1
1044,advisable,1
1045,edgar,1
1046,atheling,1
1047,meet,2
1048,offer,2
1049,crown,3
1050,conduct,1
1051,moderate,1
1052,insolence,1
1053,normans—,1
1054,continued,9
1055,turning,12
1056,spoke,16
1057,melancholy,6
1058,solemnly,4
1059,rising,1
1060,move,3
1061,meeting,1
1062,adjourn,1
1063,immediate,1
1064,adoption,1
1065,energetic,1
1066,remedies—,1
1067,meaning,8
1068,believe,9
1069,bent,1
1070,hide,1
1071,smile,2
1072,tittered,1
1073,audibly,1
1074,paused,1
1075,inclined,1
1076,explain,10
1077,winter,1
1078,race-course,1
1079,circle,1
1080,exact,1
1081,shape,1
1082,placed,1
1083,three,26
1084,running,8
1085,liked,6
1086,easy,2
1087,race,2
1088,hour,2
1089,panting,2
1090,has,7
1091,pressed,3
1092,forehead,2
1093,position,2
1094,shakespeare,1
1095,rest,10
1096,everybody,8
1097,prizes,5
1098,chorus,6
1099,voices,2
1100,asked,17
1101,pointing,4
1102,calling,1
1103,confused,4
1104,despair,1
1105,pocket,5
1106,pulled,1
1107,comfits,2
1108,luckily,2
1109,handed,3
1110,exactly,8
1111,a-piece,1
1112,prize,1
1113,gravely,3
1114,thimble,4
1115,presented,1
1116,acceptance,1
1117,elegant,1
1118,short,4
1119,speech,3
1120,cheered,3
1121,absurd,2
1122,grave,3
1123,dare,5
1124,laugh,1
1125,simply,2
1126,bowed,4
1127,looking,30
1128,solemn,3
1129,caused,2
1130,noise,3
1131,confusion,5
1132,complained,1
1133,theirs,1
1134,ones,1
1135,choked,3
1136,patted,1
1137,begged,1
1138,promised,1
1139,hate—c,1
1140,added,23
1141,whisper,3
1142,sad,3
1143,sighing,3
1144,call,9
1145,fury,3
1146,met,3
1147,both,14
1148,law,2
1149,prosecute,1
1150,you_.—come,1
1151,denial,1
1152,trial,10
1153,cur,1
1154,sir,6
1155,jury,16
1156,judge,4
1157,wasting,2
1158,breath,4
1159,cunning,1
1160,condemn,1
1161,death,1
1162,attending,3
1163,humbly,2
1164,fifth,1
1165,bend,2
1166,angrily,9
1167,knot,2
1168,undo,1
1169,insult,1
1170,mean,10
1171,pleaded,3
1172,easily,3
1173,growled,1
1174,reply,5
1175,finish,5
1176,others,7
1177,joined,3
1178,yes,12
1179,shook,9
1180,impatiently,5
1181,quicker,1
1182,pity,3
1183,sighed,5
1184,crab,3
1185,daughter,1
1186,lesson,1
1187,lose,1
1188,temper,5
1189,tongue,4
1190,young,5
1191,snappishly,1
1192,patience,1
1193,oyster,1
1194,addressing,1
1195,nobody,8
1196,particular,3
1197,venture,3
1198,pet,1
1199,bird,2
1200,sensation,2
1201,magpie,1
1202,wrapping,1
1203,carefully,3
1204,remarking,3
1205,night-air,1
1206,suit,3
1207,throat,2
1208,canary,1
1209,bed,1
1210,various,1
1211,pretexts,1
1212,moved,5
1213,mentioned,3
1214,lonely,2
1215,low-spirited,1
1216,footsteps,2
1217,executed,6
1218,ferrets,2
1219,where,13
1220,guessed,3
1221,good-naturedly,1
1222,hunting,3
1223,nowhere,2
1224,seen—everything,1
1225,since,4
1226,swim,4
1227,vanished,4
1228,completely,1
1229,mary,4
1230,ann,4
1231,doing,5
1232,run,4
1233,quick,2
1234,direction,5
1235,pointed,1
1236,mistake,3
1237,housemaid,1
1238,finds,1
1239,gloves—that,1
1240,neat,1
1241,brass,1
1242,plate,3
1243,w,1
1244,engraved,1
1245,knocking,3
1246,upstairs,1
1247,lest,1
1248,real,3
1249,messages,2
1250,fancying,1
1251,directly,2
1252,nurse,2
1253,ordering,2
1254,tidy,1
1255,room,13
1256,window,8
1257,hoped,1
1258,pairs,1
1259,stood,7
1260,looking-glass,1
1261,nevertheless,1
1262,uncorked,1
1263,lips,1
1264,interesting,5
1265,whenever,1
1266,does,9
1267,expected,1
1268,drunk,2
1269,pressing,1
1270,ceiling,1
1271,stoop,2
1272,save,1
1273,broken,6
1274,enough—i,1
1275,more—as,1
1276,door—i,1
1277,kneel,1
1278,floor,3
1279,effect,3
1280,elbow,3
1281,arm,12
1282,curled,2
1283,resource,1
1284,chimney,6
1285,whatever,3
1286,become,5
1287,magic,1
1288,full,6
1289,grew,1
1290,chance,4
1291,unhappy,2
1292,pleasanter,1
1293,wasn,11
1294,ordered,4
1295,rabbits,1
1296,gone,13
1297,rabbit-hole—and,1
1298,yet—and,1
1299,yet—it,1
1300,fairy-tales,1
1301,fancied,2
1302,write,6
1303,one—but,1
1304,grown,7
1305,least,8
1306,comfort,1
1307,way—never,1
1308,woman—but,1
1309,then—always,1
1310,shouldn,5
1311,foolish,1
1312,answered,4
1313,lesson-books,1
1314,taking,5
1315,outside,4
1316,stopped,3
1317,trembled,2
1318,forgetting,3
1319,reason,9
1320,inwards,1
1321,attempt,1
1322,proved,2
1323,failure,1
1324,snatch,2
1325,shriek,5
1326,crash,3
1327,concluded,2
1328,possible,1
1329,cucumber-frame,1
1330,voice—the,1
1331,s—,1
1332,pat,3
1333,apples,2
1334,yer,4
1335,honour,4
1336,sounds,4
1337,pronounced,1
1338,arrum,1
1339,goose,2
1340,fills,1
1341,business,7
1342,whispers,1
1343,coward,1
1344,shrieks,1
1345,cucumber-frames,1
1346,pulling,1
1347,hearing,4
1348,rumbling,1
1349,cartwheels,1
1350,together,9
1351,ladder,1
1352,—why,1
1353,other—bill,1
1354,lad,1
1355,—here,1
1356,em,3
1357,corner—no,1
1358,tie,1
1359,first—they,1
1360,yet—oh,1
1361,particular—here,1
1362,rope—will,1
1363,bear,2
1364,—mind,1
1365,loose,1
1366,slate—oh,1
1367,below,3
1368,loud,6
1369,—it,2
1370,fancy—who,1
1371,—nay,1
1372,—_that,1
1373,—bill,1
1374,down—here,1
1375,master,3
1376,shy,1
1377,place,8
1378,fireplace,1
1379,kick,3
1380,drew,5
1381,scratching,1
1382,scrambling,1
1383,above,3
1384,sharp,6
1385,along—,1
1386,voices—,1
1387,head—brandy,1
1388,now—don,1
1389,choke,1
1390,him—how,1
1391,fellow,4
1392,feeble,2
1393,squeaking,2
1394,know—no,1
1395,thank,4
1396,ye,1
1397,now—but,1
1398,flustered,1
1399,you—all,1
1400,comes,2
1401,jack-in-the-box,1
1402,sky-rocket,1
1403,dead,4
1404,instantly,5
1405,sense,3
1406,moving,3
1407,barrowful,2
1408,doubt,4
1409,shower,2
1410,pebbles,2
1411,rattling,2
1412,hit,2
1413,shouted,9
1414,produced,1
1415,surprise,5
1416,cakes,3
1417,lay,4
1418,swallowed,1
1419,delighted,2
1420,crowd,4
1421,lizard,6
1422,held,4
1423,guinea-pigs,4
1424,giving,2
1425,rush,2
1426,appeared,8
1427,safe,2
1428,thick,1
1429,wood,7
1430,wandered,2
1431,plan,4
1432,excellent,2
1433,arranged,1
1434,difficulty,4
1435,smallest,2
1436,peering,1
1437,trees,7
1438,bark,2
1439,enormous,1
1440,puppy,7
1441,feebly,1
1442,stretching,2
1443,paw,3
1444,touch,1
1445,coaxing,2
1446,whistle,1
1447,terribly,1
1448,hungry,3
1449,spite,1
1450,picked,3
1451,stick,4
1452,whereupon,1
1453,yelp,1
1454,rushed,1
1455,worry,1
1456,dodged,1
1457,thistle,2
1458,keep,11
1459,tumbled,1
1460,heels,1
1461,cart-horse,1
1462,trampled,1
1463,series,1
1464,charges,1
1465,forwards,1
1466,each,8
1467,barking,1
1468,hoarsely,1
1469,mouth,10
1470,faint,1
1471,leant,1
1472,buttercup,1
1473,fanned,1
1474,teaching,1
1475,tricks,1
1476,if—if,1
1477,see—how,1
1478,blades,1
1479,grass,4
1480,circumstances,1
1481,mushroom,8
1482,height,5
1483,stretched,2
1484,tiptoe,2
1485,edge,3
1486,immediately,3
1487,blue,1
1488,arms,6
1489,folded,3
1490,quietly,5
1491,smoking,2
1492,hookah,5
1493,addressed,2
1494,languid,1
1495,encouraging,2
1496,shyly,1
1497,i—i,2
1498,present—at,1
1499,sternly,1
1500,clearly,1
1501,sizes,1
1502,confusing,3
1503,isn,7
1504,haven,8
1505,turn,10
1506,chrysalis—you,1
1507,know—and,1
1508,butterfly,1
1509,may,13
1510,contemptuously,2
1511,brought,3
1512,irritated,1
1513,remarks,3
1514,state,1
1515,promising,1
1516,swallowing,1
1517,anger,2
1518,wait,1
1519,puffed,1
1520,unfolded,2
1521,used—and,1
1522,busy,2
1523,bee,1
1524,father,6
1525,man,5
1526,incessantly,1
1527,stand,6
1528,head—,1
1529,youth,6
1530,son,1
1531,feared,1
1532,injure,1
1533,brain,1
1534,perfectly,4
1535,none,4
1536,most,8
1537,uncommonly,1
1538,fat,1
1539,back-somersault,1
1540,door—,1
1541,pray,3
1542,sage,1
1543,grey,1
1544,limbs,1
1545,supple,1
1546,ointment—one,1
1547,shilling,1
1548,box—,1
1549,sell,2
1550,couple,1
1551,weak,2
1552,tougher,1
1553,suet,1
1554,bones,1
1555,beak—,1
1556,argued,1
1557,wife,1
1558,muscular,1
1559,strength,1
1560,jaw,1
1561,lasted,2
1562,steady,1
1563,balanced,1
1564,eel,1
1565,nose—,1
1566,awfully,1
1567,clever,2
1568,questions,3
1569,airs,1
1570,stuff,4
1571,timidly,9
1572,altered,1
1573,decidedly,4
1574,changing,2
1575,often,5
1576,contradicted,1
1577,losing,1
1578,content,1
1579,wretched,2
1580,rearing,1
1581,upright,1
1582,piteous,1
1583,patiently,2
1584,chose,2
1585,yawned,2
1586,crawled,1
1587,merely,2
1588,taller,2
1589,shorter,2
1590,thoughtfully,4
1591,difficult,2
1592,broke,2
1593,nibbled,2
1594,right-hand,1
1595,violent,2
1596,blow,2
1597,closely,1
1598,swallow,1
1599,morsel,1
1600,lefthand,2
1601,free,3
1602,alarm,2
1603,immense,1
1604,length,1
1605,rise,1
1606,stalk,1
1607,green,4
1608,result,1
1609,follow,2
1610,shaking,3
1611,distant,2
1612,serpent,9
1613,succeeded,3
1614,curving,1
1615,graceful,1
1616,zigzag,1
1617,dive,1
1618,tops,1
1619,wandering,2
1620,hiss,1
1621,draw,7
1622,pigeon,12
1623,flown,1
1624,beating,2
1625,wings,1
1626,screamed,4
1627,indignantly,4
1628,repeated,10
1629,subdued,1
1630,sob,1
1631,roots,1
1632,banks,1
1633,hedges,1
1634,serpents,3
1635,pleasing,1
1636,puzzled,9
1637,hatching,1
1638,eggs,5
1639,look-out,1
1640,sleep,6
1641,weeks,1
1642,sorry,1
1643,annoyed,1
1644,taken,4
1645,highest,1
1646,tree,5
1647,raising,1
1648,needs,1
1649,wriggling,1
1650,sky,4
1651,a—i,1
1652,a—,1
1653,invent,1
1654,doubtfully,2
1655,changes,2
1656,deepest,1
1657,contempt,1
1658,girls,3
1659,denying,1
1660,telling,2
1661,tasted,2
1662,egg,1
1663,truthful,1
1664,silent,7
1665,adding,1
1666,matters,2
1667,yours,3
1668,raw,1
1669,settled,3
1670,nest,1
1671,crouched,1
1672,entangled,2
1673,branches,2
1674,untwist,1
1675,pieces,3
1676,nibbling,3
1677,bringing,3
1678,beautiful,13
1679,garden—how,1
1680,whoever,1
1681,lives,4
1682,frighten,1
1683,wits,1
1684,righthand,1
1685,footman,11
1686,livery,3
1687,wood—,1
1688,considered,3
1689,otherwise,4
1690,judging,1
1691,fish,4
1692,—and,3
1693,rapped,1
1694,loudly,3
1695,knuckles,1
1696,footmen,1
1697,powdered,1
1698,crept,1
1699,fish-footman,2
1700,producing,1
1701,letter,3
1702,invitation,2
1703,frog-footman,1
1704,order,3
1705,curls,1
1706,laughed,2
1707,ground,4
1708,staring,3
1709,stupidly,1
1710,knocked,1
1711,reasons,1
1712,secondly,2
1713,inside,2
1714,extraordinary,2
1715,within—a,1
1716,constant,2
1717,howling,3
1718,sneezing,6
1719,dish,4
1720,kettle,1
1721,between,6
1722,instance,3
1723,knock,1
1724,uncivil,1
1725,questions.—how,1
1726,remarked,10
1727,tomorrow—,1
1728,skimming,1
1729,grazed,1
1730,nose,7
1731,—or,2
1732,maybe,1
1733,louder,1
1734,told,6
1735,dreadful,2
1736,muttered,2
1737,argue,1
1738,drive,2
1739,crazy,1
1740,repeating,3
1741,remark,10
1742,variations,1
1743,days,4
1744,whistling,1
1745,desperately,1
1746,idiotic,1
1747,kitchen,4
1748,smoke,1
1749,stool,1
1750,nursing,3
1751,baby,12
1752,cook,13
1753,leaning,2
1754,stirring,2
1755,cauldron,2
1756,soup,18
1757,sneezed,1
1758,occasionally,1
1759,alternately,1
1760,pause,2
1761,sneeze,2
1762,hearth,1
1763,grinning,1
1764,ear,6
1765,manners,1
1766,grins,1
1767,cheshire,7
1768,violence,1
1769,courage,3
1770,grinned,3
1771,pleased,7
1772,introduce,2
1773,fix,1
1774,throwing,2
1775,within,1
1776,baby—the,1
1777,fire-irons,1
1778,saucepans,1
1779,plates,2
1780,dishes,2
1781,already,2
1782,blows,1
1783,jumping,4
1784,agony,1
1785,terror,1
1786,precious,1
1787,unusually,1
1788,saucepan,1
1789,flew,1
1790,carried,4
1791,minded,1
1792,growl,3
1793,faster,3
1794,advantage,3
1795,takes,2
1796,twenty-four,2
1797,hours,4
1798,axis—,1
1799,axes,1
1800,chop,1
1801,glanced,1
1802,meant,5
1803,hint,2
1804,busily,4
1805,i—,1
1806,bother,1
1807,abide,1
1808,figures,1
1809,singing,2
1810,lullaby,1
1811,shake,1
1812,line,2
1813,roughly,1
1814,boy,2
1815,beat,4
1816,sneezes,2
1817,annoy,1
1818,teases,1
1819,wow,6
1820,sang,2
1821,verse,4
1822,song,7
1823,tossing,3
1824,howled,1
1825,thoroughly,2
1826,enjoy,1
1827,pleases,1
1828,flinging,1
1829,threw,2
1830,frying-pan,1
1831,missed,2
1832,caught,3
1833,queer-shaped,1
1834,creature,4
1835,star-fish,1
1836,snorting,1
1837,steam-engine,1
1838,doubling,1
1839,straightening,1
1840,proper,3
1841,twist,2
1842,tight,1
1843,prevent,1
1844,undoing,1
1845,kill,1
1846,murder,1
1847,grunted,4
1848,grunt,1
1849,expressing,1
1850,turn-up,1
1851,snout,1
1852,also,2
1853,extremely,1
1854,sobbing,3
1855,seriously,1
1856,sobbed,1
1857,neither,2
1858,less,4
1859,carry,1
1860,relieved,1
1861,trot,1
1862,dreadfully,6
1863,ugly,2
1864,handsome,1
1865,pigs,2
1866,them—,2
1867,startled,2
1868,seeing,1
1869,bough,1
1870,yards,1
1871,good-natured,1
1872,teeth,1
1873,treated,1
1874,respect,1
1875,puss,1
1876,wider,1
1877,depends,1
1878,where—,1
1879,—so,2
1880,explanation,2
1881,denied,2
1882,waving,5
1883,hatter,56
1884,march,33
1885,hare,31
1886,visit,1
1887,grant,1
1888,growls,1
1889,wags,1
1890,wag,1
1891,therefore,1
1892,growling,1
1893,invited,2
1894,happening,1
1895,by-the-bye,1
1896,became,2
1897,appear,2
1898,hatters,1
1899,raving,2
1900,mad—at,1
1901,branch,1
1902,fig,1
1903,appearing,1
1904,vanishing,1
1905,giddy,2
1906,ending,1
1907,farther,1
1908,chimneys,1
1909,shaped,2
1910,thatched,1
1911,raised,2
1912,towards,1
1913,instead,3
1914,front,2
1915,tea,11
1916,dormouse,40
1917,fast,4
1918,asleep,8
1919,using,2
1920,cushion,2
1921,resting,2
1922,elbows,1
1923,arm-chair,1
1924,wine,2
1925,civil,3
1926,laid,2
1927,wants,2
1928,cutting,1
1929,personal,2
1930,severity,1
1931,rude,2
1932,wide,2
1933,raven,1
1934,writing-desk,1
1935,fun,3
1936,riddles.—i,1
1937,least—at,1
1938,say—that,1
1939,breathe,3
1940,ravens,1
1941,writing-desks,1
1942,break,2
1943,month,2
1944,uneasily,2
1945,fourth,1
1946,butter,3
1947,works,1
1948,meekly,2
1949,crumbs,4
1950,grumbled,1
1951,bread-knife,1
1952,gloomily,1
1953,cup,2
1954,shoulder,4
1955,tells,2
1956,clock,5
1957,year,2
1958,readily,1
1959,stays,1
1960,poured,1
1961,riddle,1
1962,slightest,1
1963,wearily,1
1964,waste,1
1965,riddles,1
1966,answers,1
1967,cautiously,3
1968,music,3
1969,accounts,1
1970,terms,1
1971,twinkling,4
1972,half-past,2
1973,then—i,1
1974,mournfully,1
1975,quarrelled,1
1976,march—just,1
1977,know—,4
1978,spoon,2
1979,concert,2
1980,given,1
1981,hearts,8
1982,sing,6
1983,twinkle,6
1984,fly,3
1985,tea-tray,1
1986,twinkle—,1
1987,twinkle_—,1
1988,pinch,2
1989,bawled,1
1990,murdering,1
1991,exclaimed,6
1992,mournful,1
1993,tea-things,1
1994,sigh,4
1995,wash,2
1996,whiles,1
1997,interrupted,9
1998,yawning,2
1999,vote,1
2000,lady,3
2001,alarmed,1
2002,proposal,1
2003,wake,2
2004,pinched,2
2005,fellows,1
2006,sisters,1
2007,names,2
2008,elsie,1
2009,lacie,1
2010,tillie,1
2011,lived,3
2012,bottom,4
2013,well—,1
2014,interest,1
2015,eating,1
2016,drinking,1
2017,treacle,5
2018,ill,2
2019,ways,1
2020,living,2
2021,opinion,1
2022,triumphantly,2
2023,helped,1
2024,bread-and-butter,5
2025,treacle-well,1
2026,sh,2
2027,sulkily,2
2028,interrupt,1
2029,consented,1
2030,sisters—they,1
2031,learning,2
2032,promise,1
2033,clean,1
2034,unwillingly,1
2035,upset,3
2036,milk-jug,1
2037,offend,1
2038,water-well,1
2039,treacle-well—eh,1
2040,choosing,1
2041,—well,1
2042,interrupting,2
2043,rubbing,2
2044,manner,2
2045,things—everything,1
2046,begins,4
2047,m—,2
2048,closed,2
2049,doze,1
2050,woke,1
2051,—that,1
2052,mouse-traps,1
2053,moon,1
2054,memory,1
2055,muchness—you,1
2056,muchness,2
2057,—did,1
2058,drawing,1
2059,piece,5
2060,rudeness,1
2061,disgust,1
2062,teapot,1
2063,stupidest,1
2064,leading,1
2065,today,1
2066,unlocking,1
2067,then_—she,1
2068,flower-beds,1
2069,rose-tree,4
2070,entrance,1
2071,roses,3
2072,gardeners,8
2073,painting,2
2074,red,2
2075,paint,1
2076,jogged,1
2077,blame,1
2078,deserved,1
2079,beheaded,3
2080,spoken,1
2081,him—it,1
2082,tulip-roots,1
2083,onions,1
2084,flung,1
2085,brush,1
2086,unjust,1
2087,things—,1
2088,chanced,1
2089,watching,3
2090,checked,3
2091,afore,1
2092,to—,1
2093,themselves,3
2094,flat,2
2095,faces,5
2096,eager,3
2097,soldiers,10
2098,carrying,2
2099,clubs,1
2100,oblong,1
2101,corners,1
2102,courtiers,2
2103,ornamented,2
2104,diamonds,1
2105,royal,2
2106,merrily,1
2107,couples,1
2108,guests,3
2109,mostly,2
2110,kings,1
2111,queens,1
2112,recognised,1
2113,noticing,1
2114,knave,9
2115,king,63
2116,crimson,2
2117,velvet,1
2118,procession,5
2119,doubtful,2
2120,lie,2
2121,rule,5
2122,processions,1
2123,opposite,1
2124,smiled,2
2125,idiot,1
2126,majesty,12
2127,pack,5
2128,cards,3
2129,needn,3
2130,pattern,1
2131,backs,1
2132,glaring,1
2133,beast,1
2134,off—,1
2135,consider,4
2136,bowing,1
2137,humble,1
2138,knee,5
2139,trying—,1
2140,meanwhile,1
2141,examining,1
2142,remaining,1
2143,execute,1
2144,unfortunate,3
2145,protection,1
2146,flower-pot,1
2147,marched,1
2148,evidently,1
2149,roared,1
2150,s—it,1
2151,fine,2
2152,peeping,1
2153,—where,1
2154,hush,3
2155,whispered,5
2156,execution,2
2157,boxed,1
2158,ears—,1
2159,scream,2
2160,laughter,1
2161,said—,3
2162,places,1
2163,thunder,1
2164,ridges,1
2165,furrows,1
2166,balls,1
2167,hedgehogs,3
2168,mallets,1
2169,flamingoes,2
2170,double,1
2171,arches,4
2172,chief,1
2173,managing,1
2174,flamingo,5
2175,body,2
2176,tucked,3
2177,comfortably,1
2178,straightened,1
2179,hedgehog,7
2180,expression,1
2181,bursting,1
2182,laughing,2
2183,provoking,1
2184,unrolled,2
2185,act,1
2186,crawling,1
2187,ridge,1
2188,furrow,1
2189,send,1
2190,doubled-up,1
2191,parts,1
2192,players,4
2193,played,1
2194,turns,3
2195,quarrelling,2
2196,fighting,1
2197,furious,1
2198,stamping,2
2199,shouting,2
2200,uneasy,1
2201,dispute,2
2202,beheading,1
2203,alive,3
2204,appearance,1
2205,nodded,1
2206,account,1
2207,someone,1
2208,fairly,1
2209,complaining,1
2210,quarrel,1
2211,oneself,1
2212,speak—and,1
2213,attends,1
2214,arch,1
2215,ground—and,1
2216,croqueted,1
2217,extremely—,1
2218,—likely,1
2219,win,1
2220,finishing,1
2221,friend,3
2222,mine—a,1
2223,kiss,1
2224,likes,1
2225,impertinent,1
2226,removed,2
2227,passing,1
2228,settling,1
2229,difficulties,1
2230,executioner,6
2231,screaming,1
2232,search,1
2233,engaged,1
2234,fight,2
2235,croqueting,1
2236,helpless,1
2237,collected,2
2238,appealed,1
2239,settle,1
2240,arguments,1
2241,unless,2
2242,weren,1
2243,anxious,3
2244,prison,1
2245,arrow,1
2246,fading,1
2247,entirely,2
2248,disappeared,2
2249,wildly,2
2250,affectionately,1
2251,pleasant,1
2252,hopeful,1
2253,without—maybe,1
2254,hot-tempered,1
2255,vinegar,1
2256,sour—and,1
2257,camomile,1
2258,bitter—and—and,1
2259,barley-sugar,1
2260,sweet-tempered,1
2261,stingy,1
2262,forget,2
2263,moral,8
2264,hasn,2
2265,tut,2
2266,squeezed,1
2267,closer,1
2268,keeping,2
2269,uncomfortably,1
2270,bore,1
2271,tis,5
2272,is—,6
2273,minding,1
2274,morals,1
2275,waist,1
2276,experiment,2
2277,bite,2
2278,mustard,2
2279,feather,1
2280,flock,1
2281,mineral,1
2282,agree,2
2283,mustard-mine,1
2284,attended,1
2285,vegetable,1
2286,simply—,1
2287,imagine,2
2288,present,2
2289,cheap,1
2290,birthday,1
2291,dig,1
2292,worried,1
2293,died,1
2294,favourite,1
2295,linked,1
2296,hers,3
2297,tremble,1
2298,thunderstorm,1
2299,fair,1
2300,warning,1
2301,choice,2
2302,absence,1
2303,shade,1
2304,delay,1
2305,cost,1
2306,whom,1
2307,sentenced,1
2308,custody,2
2309,company,1
2310,pardoned,1
2311,executions,2
2312,gryphon,55
2313,sun,2
2314,picture,1
2315,lazy,1
2316,leaving,1
2317,rubbed,1
2318,watched,2
2319,chuckled,1
2320,executes,1
2321,ledge,1
2322,rock,1
2323,heart,2
2324,pitied,1
2325,sorrow,2
2326,hollow,1
2327,occasional,1
2328,exclamation,1
2329,hjckrrh,1
2330,heavy,2
2331,calmly,1
2332,school,5
2333,turtle—we,1
2334,tortoise—,1
2335,tortoise,2
2336,sink,1
2337,mayn,1
2338,it—,1
2339,educations—in,1
2340,day—,1
2341,day-school,1
2342,proud,2
2343,extras,1
2344,learned,1
2345,relief,2
2346,ours,1
2347,washing_—extra,1
2348,afford,1
2349,regular,2
2350,inquired,1
2351,reeling,1
2352,writhing,1
2353,arithmetic—ambition,1
2354,distraction,1
2355,uglification,2
2356,derision,1
2357,lifted,1
2358,uglifying,1
2359,beautify,1
2360,means—to—make—anything—prettier,1
2361,uglify,1
2362,simpleton,1
2363,encouraged,1
2364,mystery,1
2365,counting,1
2366,subjects,1
2367,flappers,1
2368,—mystery,1
2369,ancient,1
2370,modern,1
2371,seaography,1
2372,drawling—the,1
2373,drawling-master,1
2374,conger-eel,1
2375,week,3
2376,drawling,1
2377,fainting,1
2378,coils,1
2379,stiff,1
2380,classics,1
2381,grief,1
2382,hid,1
2383,lessen,1
2384,eleventh,1
2385,holiday,1
2386,twelfth,1
2387,games,1
2388,flapper,1
2389,sobs,4
2390,bone,1
2391,punching,1
2392,recovered,2
2393,cheeks,1
2394,sea—,1
2395,introduced,1
2396,lobster—,1
2397,tasted—,1
2398,delightful,2
2399,dance,13
2400,form,1
2401,sea-shore—,1
2402,lines,1
2403,seals,1
2404,turtles,2
2405,salmon,1
2406,cleared,1
2407,jelly-fish,1
2408,way—,1
2409,—you,1
2410,advance,3
2411,twice—,1
2412,partner,1
2413,partners—,1
2414,—change,1
2415,lobsters,7
2416,retire,1
2417,the—,1
2418,bound,1
2419,—as,1
2420,can—,1
2421,somersault,1
2422,capering,1
2423,yelled,1
2424,land,1
2425,figure,3
2426,dropping,1
2427,pretty,1
2428,dancing,2
2429,treading,2
2430,toes,3
2431,forepaws,1
2432,mark,3
2433,whiting,8
2434,snail,3
2435,porpoise,4
2436,shingle—will,1
2437,join,9
2438,askance—,1
2439,thanked,1
2440,kindly,2
2441,scaly,1
2442,england,1
2443,france—,1
2444,beloved,1
2445,they—you,1
2446,dinn—,1
2447,dinn,1
2448,tails,3
2449,mouths—and,1
2450,mouths,3
2451,eyes.—,1
2452,thrown,1
2453,shiny,1
2454,blacking,1
2455,soles,1
2456,eels,1
2457,shrimp,1
2458,thoughts,2
2459,obliged,3
2460,anywhere,1
2461,journey,1
2462,purpose,1
2463,adventures—beginning,1
2464,impatient,1
2465,explanations,1
2466,gained,1
2467,listeners,1
2468,part,2
2469,sluggard,1
2470,baked,1
2471,sugar,1
2472,eyelids,1
2473,trims,1
2474,belt,1
2475,buttons,1
2476,editions,2
2477,follows,3
2478,sands,1
2479,gay,1
2480,lark,1
2481,contemptuous,1
2482,tones,2
2483,shark,1
2484,tide,1
2485,rises,1
2486,sharks,1
2487,around,3
2488,tremulous,1
2489,uncommon,1
2490,explained,1
2491,persisted,2
2492,disobey,1
2493,owl,3
2494,panther,3
2495,sharing,1
2496,pie—,1
2497,pie-crust,1
2498,gravy,1
2499,meat,1
2500,share,1
2501,treat,1
2502,pie,1
2503,boon,1
2504,permitted,1
2505,received,1
2506,fork,1
2507,banquet—,1
2508,hm,1
2509,accounting,1
2510,tastes,1
2511,rich,1
2512,tureen,1
2513,dainties,1
2514,evening,2
2515,beau—ootiful,4
2516,soo—oop,7
2517,e—e—evening,3
2518,cares,2
2519,p,1
2520,ennyworth,1
2521,pennyworth,1
2522,beauti—ful,1
2523,panted,1
2524,faintly,1
2525,breeze,1
2526,seated,1
2527,throne,1
2528,arrived,1
2529,them—all,1
2530,standing,1
2531,chains,1
2532,soldier,1
2533,guard,1
2534,trumpet,3
2535,scroll,2
2536,parchment,2
2537,court,18
2538,refreshments,1
2539,pass,1
2540,justice,1
2541,books,1
2542,wig,2
2543,wore,1
2544,frontispiece,1
2545,comfortable,1
2546,becoming,1
2547,jury-box,4
2548,jurors,4
2549,rightly,1
2550,jury-men,1
2551,writing,4
2552,slates,8
2553,indignant,1
2554,spectacles,3
2555,spell,1
2556,neighbour,1
2557,muddle,1
2558,pencil,1
2559,squeaked,1
2560,quickly,2
2561,juror,1
2562,slate,2
2563,herald,1
2564,accusation,1
2565,blew,2
2566,blasts,2
2567,summer,2
2568,verdict,3
2569,witness,10
2570,teacup,3
2571,sent,2
2572,arm-in-arm,1
2573,fourteenth,1
2574,fifteenth,1
2575,sixteenth,1
2576,wrote,3
2577,dates,1
2578,reduced,1
2579,shillings,1
2580,pence,1
2581,hat,1
2582,stolen,1
2583,memorandum,1
2584,fidgeted,1
2585,spot,1
2586,encourage,1
2587,shifting,1
2588,remain,1
2589,squeeze,1
2590,boldly,1
2591,reasonable,1
2592,pace,1
2593,ridiculous,1
2594,fashion,2
2595,officers,4
2596,list,3
2597,singers,2
2598,tea—not,1
2599,so—and,1
2600,thin—and,1
2601,tea—,1
2602,dunce,1
2603,twinkled,1
2604,that—only,1
2605,deny,2
2606,denies,1
2607,bread-and-butter—,1
2608,miserable,2
2609,speaker,1
2610,suppressed,4
2611,canvas,1
2612,bag,1
2613,tied,1
2614,strings,1
2615,guinea-pig,2
2616,newspapers,1
2617,trials,1
2618,attempts,1
2619,applause,1
2620,understood,1
2621,lower,1
2622,officer,1
2623,pepper-box,1
2624,cross-examine,2
2625,folding,1
2626,collar,1
2627,shrieked,1
2628,behead,1
2629,suppress,1
2630,undertone,2
2631,ache,1
2632,fumbled,1
2633,—for,1
2634,flurry,1
2635,tipped,1
2636,skirt,1
2637,upsetting,1
2638,jurymen,4
2639,sprawling,1
2640,reminding,1
2641,globe,1
2642,goldfish,2
2643,accidentally,1
2644,dismay,1
2645,accident,2
2646,vague,1
2647,die,1
2648,places—_all,1
2649,emphasis,1
2650,haste,1
2651,downwards,1
2652,unable,1
2653,signifies,1
2654,shock,1
2655,pencils,1
2656,diligently,1
2657,overcome,1
2658,gazing,1
2659,un_important,2
2660,respectful,1
2661,important—unimportant—unimportant—important—,1
2662,unimportant,1
2663,note-book,2
2664,cackled,1
2665,forty-two,1
2666,persons,1
2667,mile,2
2668,invented,1
2669,oldest,1
2670,prisoner,2
2671,to—to,1
2672,directed,2
2673,verses,4
2674,handwriting,1
2675,queerest,1
2676,imitated,1
2677,prove,1
2678,signed,2
2679,sign,1
2680,mischief,1
2681,honest,1
2682,clapping,1
2683,proves,2
2684,guilt,1
2685,character,1
2686,push,1
2687,returned,2
2688,involved,1
2689,affair,1
2690,trusts,1
2691,fit,2
2692,obstacle,1
2693,ourselves,1
2694,secret,1
2695,jury—,1
2696,sixpence,1
2697,atom,2
2698,attempted,1
2699,saves,1
2700,spreading,1
2701,—_said,1
2702,swim_—,1
2703,cardboard,1
2704,true_—,1
2705,course—,1
2706,two_—,1
2707,clearer,1
2708,again—,1
2709,fit_—,1
2710,fits,1
2711,furiously,1
2712,inkstand,1
2713,ink,1
2714,trickling,1
2715,pun,1
2716,twentieth,1
2717,first—verdict,1
2718,purple,1
2719,rose,1
2720,flying,1
2721,brushing,1
2722,fluttered,1
2723,kissed,1
2724,wonderful,2
2725,setting,1
2726,dreaming,1
2727,dreamed,1
2728,clasped,1
2729,hers—she,1
2730,toss,1
2731,eyes—and,1
2732,listened,1
2733,rustled,1
2734,by—the,1
2735,splashed,1
2736,neighbouring,1
2737,pool—she,1
2738,rattle,1
2739,teacups,2
2740,shared,1
2741,never-ending,1
2742,meal,1
2743,execution—once,1
2744,pig-baby,1
2745,crashed,1
2746,it—once,1
2747,slate-pencil,1
2748,choking,1
2749,believed,1
2750,reality—the,1
2751,rustling,1
2752,rippling,1
2753,reeds—the,1
2754,tinkling,1
2755,sheep-bells,1
2756,cries,1
2757,shepherd,1
2758,boy—and,1
2759,noises,1
2760,clamour,1
2761,farm-yard—while,1
2762,lowing,1
2763,cattle,1
2764,lastly,1
2765,pictured,1
2766,after-time,1
2767,woman,1
2768,riper,1
2769,years,1
2770,loving,1
2771,childhood,1
2772,gather,1
2773,sorrows,1
2774,joys,1
2775,remembering,1
2776,child-life,1
2777,happy,1
